time_s,C_A_mol_per_L
0,1.0099342830602247
10,0.7760352531735735
20,0.6194842941561676
30,0.5028270943173427
40,0.36319637999464643
50,0.28182210502568855
60,0.2547144930261308
